merk,benaming,kleur,maat,prijs
Gino-B,Dacia,Grey,36,219
Gino-B,Dacia,Grey,37,219
Gino-B,Dacia,Grey,38,219
Gino-B,Dacia,Grey,39,219
Gino-B,Dacia,Grey,40,219
Gino-B,Dacia,Grey,41,219
Gino-B,Ibiza,Pink,36,229
Gino-B,Ibiza,Pink,37,229
Gino-B,Ibiza,Pink,38,229
Gino-B,Ibiza,Pink,39,229
Gino-B,Ibiza,Pink,40,229
Gino-B,Ibiza,Pink,41,229
Gino-B,Grace,Silver,36,229
Gino-B,Grace,Silver,37,229
Gino-B,Grace,Silver,38,229
Gino-B,Grace,Silver,39,229
Gino-B,Grace,Silver,40,229
Gino-B,Grace,Silver,41,229
Melissa,Boemia,Orange,36,94
Melissa,Boemia,Orange,37,94
Melissa,Boemia,Orange,38,94
Melissa,Boemia,Orange,39,94
Melissa,Boemia,Orange,40,94
Melissa,Boemia,Orange,41,94
Melissa,Boemia,Pink,36,94
Melissa,Boemia,Pink,37,94
Melissa,Boemia,Pink,38,94
Melissa,Boemia,Pink,39,94
Melissa,Boemia,Pink,40,94
Melissa,Boemia,Pink,41,94